"","spp","sex","SV_length","weight"
"1","CNTI","M",92,26
"2","CNTI","M",91,24
"3","CNTI","F",93,25
"4","CNTI","M",94,24
"5","CNTI","F",90,22
"6","UTST","F",42,3
"7","CNTE","F",86,16
"8","CNTI","M",70,9
"9","CNTI","F",82,16
"10","CNTI","F",94,21
"11","CNTI","F",87,19
"12","CNTI","F",100,26
"13","CNTI","F",75,16
"14","CNTI","F",84,17
"15","CNTI","M",92,20
"16","CNTI","M",90,22
"17","CNTI","M",90,24
"18","CNTI","M",96,26
"19","UTST","F",46,4
"20","CNTI","M",97,28
"21","PHCO","F",60,14
"22","CNTI","M",76,12
"23","HOMA","M",62,7
"24","CNTE","F",82,16
"25","CNTI","F",90,21
"26","UTST","F",47,4
"27","CNTI","M",90,20
"28","CNTI","F",96,30
"29","CNTI","M",90,22
"30","CNNE","F",63,8
"31","UTST","F",46,5
"32","SCUN","F",60,8
"33","UTST","F",50,5
"34","CNTI","M",100,26
"35","UTST","M",52,6
"36","CNTI","F",85,27
"37","CNTI","M",92,24
"38","CNTI","F",86,16
"39","COTE","M",58,6
"40","CNTI","F",67,8
"41","CNTI","M",89,17
"42","UTST","F",46,4
"43","CNTI","F",80,19
"44","CNTI","F",75,12
"45","UTST","M",49,4
"46","UTST","M",56,6
"47","CNTI","M",80,14
"48","CNTI","F",90,22
"49","CNTI","M",92,24
"50","CNTI","M",90,18
"51","CNTI","M",88,20
"52","CNTI","F",75,10
"53","CNTI","M",90,22
"54","SCUN","M",67,8
"55","CNTI","F",80,19
"56","EUOB","F",97,30
"57","UTST","M",52,7
"58","CNTI","F",81,19
"59","UTST","F",50,7
"60","CNTI","F",82,12
"61","CNTI","F",85,13
"62","CNTI","M",78,16
"63","CNTI","F",71,13
"64","CNTI","M",76,16
"65","CNTI","F",85,20
"66","UTST","F",50,5
"67","CNTE","F",80,15
"68","UTST","F",46,5
"69","CNTI","M",97,34
"70","UTST","M",47,6
"71","CNTI","F",75,16
"72","CNTI","F",80,22
"73","UTST","F",50,8
"74","CNTE","F",45,18
"75","UTST","F",46,4
"76","CNTI","M",88,23
"77","UTST","F",45,4
"78","UTST","M",51,6
"79","CNTI","F",95,20
"80","CNTI","M",83,15
"81","UTST","F",47,4
"82","UTST","F",45,5
"83","CNTE","F",70,12
"84","SCUN","F",58,9
"85","SCUN","F",61,12
"86","CNTI","M",80,16
"87","UTST","F",48,5
"88","UTST","M",50,6
"89","CNTI","M",94,26
"90","UTST","F",42,4
"91","UTST","F",48,4
"92","UTST","F",51,6
"93","UTST","M",44,3
"94","CNTI","F",85,21
"95","CNTI","F",76,17
"96","CNTI","F",80,17
"97","CNTE","F",76,14
"98","UTST","F",36,2
"99","UTST","M",36,3
"100","UTST","M",50,7
"101","CNTI","F",87,22
"102","CNTI","M",80,25
"103","UTST","F",33,3
"104","CNTI","F",86,17
"105","CNIN","F",60,8
"106","UTST","M",38,3
"107","UTST","F",30,2
"108","UTST","F",29,2
"109","UTST","F",35,3
"110","HOMA","F",60,8
"111","UTST","F",31,2
"112","UTST","M",37,4
"113","UTST","M",54,7
"114","UTST","F",45,5
"115","UTST","F",29,2
"116","UTST","F",30,2
"117","UTST","F",34,3
"118","UTST","F",34,2
"119","UTST","M",44,4
"120","CNTI","F",81,19
"121","UTST","F",31,2
"122","UTST","F",31,2
"123","UTST","F",31,2
"124","UTST","F",38,2
"125","UTST","M",42,4
"126","UTST","F",39,3
"127","UTST","F",41,4
"128","UTST","M",46,5
"129","UTST","M",42,3
"130","UTST","F",36,2
"131","UTST","F",38,2
"132","UTST","M",40,3
"133","UTST","F",35,2
"134","UTST","F",36,3
"135","UTST","F",36,3
"136","UTST","F",34,2
"137","UTST","F",36,3
"138","UTST","M",39,3
"139","UTST","F",36,3
"140","UTST","F",40,4
"141","UTST","F",35,2
"142","UTST","F",33,2
"143","UTST","M",43,5
"144","UTST","F",37,3
"145","UTST","M",41,4
"146","UTST","F",37,3
"147","UTST","F",35,3
"148","UTST","F",36,3
"149","UTST","F",34,3
"150","UTST","F",32,2
"151","UTST","F",33,3
"152","UTST","F",35,3
"153","UTST","M",49,6
"154","UTST","F",38,4
"155","UTST","F",41,4
"156","UTST","M",47,5
"157","UTST","M",50,3
"158","UTST","M",49,5
"159","UTST","F",39,3
"160","UTST","F",37,1
"161","UTST","F",41,1
"162","UTST","M",43,5
"163","UTST","F",37,2
"164","UTST","M",49,6
"165","UTST","M",26,1
"166","UTST","M",40,3
"167","UTST","F",46,4
"168","UTST","F",39,3
"169","UTST","F",36,1
"170","UTST","M",45,2
"171","UTST","F",41,2
"172","UTST","F",38,1
"173","UTST","M",53,4
"174","UTST","F",47,3
"175","UTST","F",44,2
"176","UTST","M",41,2
"177","UTST","M",41,3
"178","CNTI","F",56,5
"179","UTST","M",44,3
"180","UTST","F",38,2
"181","UTST","F",37,2
"182","UTST","M",40,2
"183","UTST","M",42,1
"184","UTST","F",43,2
"185","UTST","F",39,2
"186","UTST","M",45,2
"187","UTST","M",39,2
"188","UTST","M",36,2
"189","UTST","F",38,2
"190","UTST","F",49,2
"191","UTST","F",45,2
"192","UTST","M",53,3
"193","UTST","F",45,2
"194","UTST","M",49,4
"195","UTST","M",50,6
"196","UTST","F",42,3
"197","UTST","M",41,4
"198","UTST","M",52,7
"199","UTST","M",51,7
"200","UTST","F",36,5
"201","UTST","F",39,2
"202","UTST","F",46,2
"203","UTST","F",47,4
"204","UTST","F",38,3
"205","UTST","M",46,4
"206","UTST","M",46,3
"207","UTST","M",45,3
"208","UTST","M",44,3
"209","UTST","F",46,2
"210","UTST","M",53,5
"211","UTST","F",42,3
"212","UTST","F",48,4
"213","UTST","F",38,2
"214","UTST","F",40,2
"215","UTST","F",38,2
"216","UTST","M",47,5
"217","UTST","F",45,3
"218","UTST","F",39,3
"219","UTST","F",37,2
"220","UTST","M",46,3
"221","UTST","M",44,3
"222","UTST","F",41,3
"223","UTST","F",42,2
"224","UTST","F",33,2
"225","UTST","M",49,4
"226","UTST","M",52,4
"227","UTST","F",43,2
"228","UTST","F",41,2
"229","UTST","F",43,3
"230","UTST","F",41,3
"231","UTST","F",41,3
"232","UTST","F",39,2
"233","UTST","F",27,1
"234","UTST","F",40,3
"235","UTST","F",36,2
"236","UTST","F",38,2
"237","UTST","F",36,2
"238","UTST","F",40,3
"239","UTST","F",26,1
"240","UTST","F",40,3
"241","UTST","M",40,2
"242","UTST","M",40,4
"243","UTST","F",38,2
"244","UTST","F",40,3
"245","UTST","F",45,5
"246","UTST","F",46,4
"247","UTST","F",48,5
"248","UTST","F",48,4
"249","UTST","M",50,3
"250","UTST","F",41,3
"251","UTST","F",36,2
"252","UTST","F",43,3
"253","UTST","F",38,1
"254","UTST","F",47,4
"255","UTST","F",36,2
"256","UTST","F",40,3
"257","UTST","F",44,3
"258","UTST","F",38,2
"259","UTST","F",39,2
"260","UTST","F",44,2
"261","UTST","F",46,3
"262","UTST","F",39,2
"263","UTST","F",38,2
"264","UTST","F",45,3
"265","UTST","F",38,2
"266","UTST","F",40,2
"267","UTST","M",47,4
"268","UTST","F",39,2
"269","UTST","M",44,3
"270","UTST","M",37,2
"271","UTST","M",45,3
"272","UTST","F",26,1
"273","UTST","F",38,2
"274","UTST","F",37,2
"275","UTST","F",40,2
"276","UTST","M",46,4
"277","UTST","M",46,3
"278","UTST","F",36,1
"279","UTST","F",43,2
"280","UTST","F",49,5
"281","UTST","M",51,5
"282","CNIN","M",54,4
"283","UTST","F",36,3
"284","UTST","F",45,3
"285","UTST","F",42,3
"286","UTST","F",42,3
"287","UTST","F",36,2
"288","UTST","F",41,3
"289","UTST","M",44,4
"290","UTST","F",44,3
"291","UTST","F",45,4
"292","UTST","M",49,5
"293","UTST","M",51,5
"294","UTST","M",52,5
"295","UTST","F",50,5
"296","UTST","M",51,5
"297","UTST","F",48,3
"298","UTST","F",48,4
"299","UTST","F",45,4
"300","UTST","M",39,2
"301","UTST","F",46,4
"302","UTST","M",47,4
"303","UTST","M",47,4
"304","CNIN","F",42,2
"305","UTST","F",43,3
"306","CNIN","F",58,4
"307","UTST","F",43,3
"308","UTST","F",46,3
"309","UTST","M",45,2
"310","UTST","F",41,2
"311","UTST","F",53,6
"312","UTST","F",46,4
"313","COTE","F",63,7
"314","CNTI","F",49,4
"315","COTE","M",73,14
"316","CNNE","F",51,3
"317","CNNE","F",44,2
"318","UTST","F",42,3
"319","UTST","F",50,5
"320","HOMA","F",44,3
"321","UTST","F",48,3
"322","CNIN","F",56,4
"323","UTST","F",46,4
"324","CNNE","F",52,4
"325","UTST","M",46,4
"326","SCUN","M",63,10
"327","HOMA","F",59,7
"328","UTST","F",46,5
"329","COTE","F",61,9
"330","COTE","M",73,14
"331","CNTI","F",85,23
"332","HOMA","F",39,1
"333","CNIN","F",44,3
"334","UTST","F",43,3
"335","HOMA","F",59,7
"336","HOMA","M",59,8
"337","CNTI","F",84,17
"338","CNTI","F",89,25
"339","CNTI","M",74,16
"340","CNTI","F",76,21
"341","CNTI","M",87,28
"342","CNTI","M",89,25
"343","CNTI","M",83,19
"344","CNTI","F",86,25
"345","UTST","F",41,4
"346","UTST","F",46,4
"347","CNTI","M",84,19
"348","CNTI","F",101,33
"349","CNTI","F",84,19
"350","EUOB","F",108,29
"351","COTE","M",50,4
"352","CNTI","M",101,28
"353","CNTE","F",70,10
"354","HOMA","F",46,3
"355","EUOB","F",94,19
"356","CNTI","F",82,19
"357","CNTI","F",83,25
"358","UTST","F",51,5
"359","SCUN","F",68,11
"360","CNTI","M",92,28
"361","CNTI","M",90,26
"362","CNTI","F",85,22
"363","CNTI","F",85,24
"364","UTST","F",43,5
"365","CNTI","M",95,28
"366","CNTI","F",85,17
"367","CNIN","M",58,5
"368","CNTI","F",101,24
"369","CNTI","F",74,15
"370","SCUN","F",58,5
"371","UTST","F",43,3
"372","CNTI","F",85,24
"373","UTST","F",46,4
"374","CNTI","F",88,26
"375","CNTI","F",90,24
"376","HOMA","F",51,3
"377","UTST","M",48,4
"378","CNTI","M",90,27
"379","CNTI","F",65,12
"380","CNTI","F",72,11
"381","CNTI","M",76,19
"382","CNIN","F",51,3
"383","SCUN","F",50,4
"384","CNTI","M",67,13
"385","SCUN","F",62,11
"386","PHCO","F",75,32
"387","UTST","F",43,4
"388","CNTI","M",89,25
"389","UTST","M",48,3
"390","HOMA","M",54,6
"391","CNIN","F",65,9
"392","UTST","M",41,3
"393","CNTI","F",68,19
"394","CNIN","F",60,3
"395","CNTI","M",80,18
"396","CNTE","F",64,7
"397","PHCO","F",85,40
"398","UTST","M",55,4
"399","PHCO","F",81,31
"400","CNIN","M",48,2
"401","UTST","F",41,2
"402","CNTI","M",93,29
"403","CNTI","M",70,16
"404","CNTI","M",71,16
"405","COTE","F",57,5
"406","UTST","F",47,4
"407","CNTI","F",73,13
"408","CNTI","F",80,18
"409","UTST","F",60,6
"410","CNIN","F",58,10
"411","CNTI","F",92,21
"412","CNIN","F",61,6
"413","CNNE","F",54,6
"414","UTST","M",35,2
"415","CNNE","F",63,4
"416","EUOB","F",98,25
"417","COTE","F",60,8
"418","UTST","M",50,4
"419","CNTI","F",70,17
"420","UTST","F",35,2
"421","UTST","F",32,2
"422","UTST","F",37,3
"423","UTST","F",39,2
"424","UTST","M",37,3
"425","UTST","F",45,4
"426","COTE","F",45,9
"427","CNTI","F",56,5
"428","CNTE","F",48,3
"429","CNTI","F",48,3
"430","UTST","F",25,2
"431","UTST","F",40,2
"432","UTST","M",45,4
"433","UTST","F",45,2
"434","UTST","F",46,3
"435","UTST","M",37,2
"436","EUOB","F",105,34
"437","UTST","M",42,2
"438","UTST","F",30,1
"439","UTST","M",42,2
"440","UTST","M",46,6
"441","UTST","F",40,2
"442","UTST","F",42,2
"443","UTST","F",38,2
"444","UTST","M",38,3
"445","UTST","F",39,3
"446","UTST","M",47,4
"447","UTST","M",48,5
"448","UTST","F",49,4
"449","UTST","M",45,3
"450","UTST","M",52,5
"451","UTST","F",44,3
"452","UTST","M",47,4
"453","UTST","M",52,5
"454","UTST","M",47,5
"455","UTST","F",32,2
"456","UTST","F",42,4
"457","UTST","M",43,4
"458","UTST","F",33,2
"459","UTST","M",42,5
"460","UTST","F",41,3
"461","UTST","F",36,3
"462","UTST","M",46,6
"463","UTST","M",46,5
"464","UTST","M",52,5
"465","UTST","F",36,2
"466","UTST","M",46,5
"467","UTST","F",45,4
"468","UTST","F",40,2
"469","UTST","M",42,2
"470","UTST","F",38,2
"471","UTST","F",39,2
"472","UTST","M",42,2
"473","UTST","F",37,2
"474","UTST","M",52,6
"475","UTST","M",47,5
"476","UTST","M",49,6
"477","UTST","F",45,4
"478","UTST","M",36,3
"479","UTST","F",44,4
"480","UTST","M",48,5
"481","UTST","F",44,3
"482","UTST","F",34,2
"483","UTST","M",32,2
"484","UTST","M",46,5
"485","UTST","M",46,4
"486","UTST","M",46,4
"487","UTST","M",47,5
"488","UTST","M",52,5
"489","UTST","F",49,4
"490","UTST","M",50,5
"491","UTST","M",54,6
"492","UTST","F",47,5
"493","UTST","M",41,3
"494","UTST","F",32,1
"495","UTST","F",43,3
"496","UTST","F",41,3
"497","UTST","F",46,4
"498","UTST","F",39,2
"499","UTST","F",47,4
"500","UTST","M",30,1
"501","UTST","F",45,3
"502","UTST","M",31,1
"503","UTST","F",38,3
"504","UTST","F",31,1
"505","UTST","F",32,2
"506","UTST","M",34,2
"507","UTST","M",47,4
"508","UTST","F",41,3
"509","UTST","F",45,4
"510","UTST","F",32,2
"511","UTST","F",40,2
"512","UTST","F",49,4
"513","UTST","F",45,4
"514","UTST","F",40,3
"515","UTST","M",46,4
"516","UTST","M",38,3
"517","UTST","M",50,5
"518","UTST","M",48,4
"519","UTST","M",44,3
"520","UTST","F",48,5
"521","UTST","M",50,6
"522","UTST","M",46,5
"523","UTST","M",47,5
"524","UTST","M",38,3
"525","UTST","F",46,4
"526","UTST","F",37,2
"527","UTST","M",52,6
"528","UTST","F",39,1
"529","UTST","F",42,2
"530","UTST","M",46,4
"531","COTE","F",65,8
"532","CNTE","F",60,7
"533","HOMA","F",50,4
"534","UTST","F",41,6
"535","CNTI","M",47,4
"536","CNTI","M",45,3
"537","CNTI","M",40,3
"538","UTST","F",44,4
"539","CNTI","F",53,4
"540","UTST","F",47,5
"541","UTST","M",55,6
"542","UTST","M",48,5
"543","UTST","F",44,3
"544","CNIN","F",45,3
"545","CNNE","F",41,2
"546","CNNE","F",43,3
"547","CNNE","F",43,2
"548","UTST","F",42,3
"549","UTST","M",45,3
"550","SCUN","F",65,10
"551","UTST","F",37,2
"552","CNIN","M",45,1
"553","COTE","M",47,3
"554","CNIN","F",53,2
"555","CNIN","M",55,4
"556","CNIN","F",54,3
"557","UTST","F",51,4
"558","CNTI","F",94,25
"559","PHMO","F",35,2
"560","CNTI","F",57,5
"561","UTST","F",47,5
"562","UTST","F",45,3
"563","COTE","F",45,3
"564","COTE","F",46,3
"565","COTE","F",43,3
"566","CNIN","F",57,4
"567","CNIN","F",57,4
"568","CNTI","F",60,5
"569","UTST","F",45,3
"570","UTST","F",46,3
"571","UTST","F",52,5
"572","COTE","F",46,3
"573","UTST","F",47,4
"574","PHMO","F",35,2
"575","COTE","F",43,2
"576","UTST","F",49,3
"577","CNTI","F",56,5
"578","CNTI","M",110,29
"579","CNTI","F",55,5
"580","HOMA","F",58,5
"581","UTST","F",48,4
"582","UTST","F",46,3
"583","UTST","F",47,3
"584","UTST","F",45,3
"585","UTST","F",51,3
"586","COTE","F",44,3
"587","UTST","F",45,3
"588","CNTI","F",59,7
"589","HOMA","F",51,5
"590","CNTI","M",61,7
"591","COTE","F",50,5
"592","PHMO","F",36,4
"593","COTE","F",52,5
"594","HOMA","F",57,10
"595","CNIN","F",50,3
"596","CNIN","M",50,4
"597","CNIN","F",45,2
"598","CNIN","F",43,3
"599","EUOB","F",85,21
"600","CNIN","F",50,4
"601","CNTI","M",73,12
"602","CNTI","F",68,22
"603","CNTI","M",70,10
"604","CNTI","F",83,18
"605","HOMA","M",52,5
"606","HOMA","M",52,6
"607","SCUN","M",45,3
"608","UTST","F",42,1
"609","CNTI","F",83,29
"610","UTST","F",45,4
"611","PHMO","F",47,4
"612","UTST","F",48,5
"613","COTE","M",55,3
"614","PHMO","F",55,18
"615","CNTI","M",91,11
"616","CNTI","M",65,6
"617","HOMA","F",50,4
"618","CNNE","F",63,10
"619","CNNE","F",49,8
"620","HOMA","F",54,7
"621","HOMA","F",59,9
"622","HOMA","M",55,5
"623","HOMA","F",61,10
"624","CNIN","M",52,3
"625","EUOB","F",75,9
"626","PHCO","F",58,12
"627","CNTE","F",64,8
"628","PHMO","F",44,5
"629","CNTI","M",71,12
"630","CNIN","M",41,3
"631","SCUN","M",52,4
"632","PHMO","M",50,5
"633","CNIN","F",60,4
"634","HOMA","F",52,7
"635","CNNE","F",60,7
"636","CNTI","F",63,6
"637","COTE","M",40,5
"638","COTE","F",54,5
"639","CNIN","F",55,4
"640","CNTI","M",85,26
"641","UTST","F",38,4
"642","CNTI","M",74,14
"643","CNTE","F",75,24
"644","CNNE","F",30,1
"645","UTST","F",32,2
"646","CNTI","F",80,18
"647","CNTI","M",75,15
"648","CNIN","F",56,3
"649","CNTE","F",75,12
"650","UTST","M",41,3
"651","CNIN","M",56,4
"652","UTST","F",43,3
"653","UTST","M",50,5
"654","UTST","F",45,3
"655","UTST","M",52,6
"656","UTST","M",50,6
"657","UTST","M",54,6
"658","UTST","M",53,6
"659","UTST","M",32,2
"660","UTST","F",43,2
"661","UTST","F",37,2
"662","UTST","F",44,3
"663","UTST","M",40,2
"664","UTST","M",50,4
"665","UTST","M",50,5
"666","UTST","F",30,2
"667","UTST","M",46,4
"668","UTST","F",45,3
"669","UTST","M",48,5
"670","UTST","M",43,4
"671","UTST","F",38,3
"672","UTST","M",45,5
"673","UTST","F",34,2
"674","UTST","F",43,4
"675","UTST","F",33,3
"676","UTST","F",45,3
"677","UTST","M",37,2
"678","UTST","M",48,5
"679","UTST","F",38,2
"680","UTST","F",44,3
"681","UTST","M",37,2
"682","UTST","F",45,3
"683","UTST","F",50,5
"684","UTST","F",45,5
"685","UTST","M",40,3
"686","UTST","F",42,3
"687","UTST","F",48,5
"688","UTST","F",40,3
"689","UTST","M",38,2
"690","UTST","F",33,2
"691","UTST","M",37,2
"692","UTST","F",39,2
"693","UTST","F",40,4
"694","SCUN","F",41,4
"695","UTST","M",40,3
"696","UTST","M",51,5
"697","UTST","M",52,5
"698","HOMA","F",35,2
"699","UTST","M",48,4
"700","UTST","F",45,3
"701","CNIN","M",45,3
"702","UTST","M",47,5
"703","SCUN","M",43,3
"704","CNIN","M",47,3
"705","HOMA","F",55,5
"706","CNTI","M",60,9
"707","PHCO","F",57,10
"708","UTST","M",55,5
"709","SCUN","F",48,3
"710","UTST","F",47,3
"711","CNIN","F",54,4
"712","UTST","F",45,2
"713","UTST","M",50,4
"714","UTST","F",41,2
"715","CNIN","F",36,1
"716","CNTE","F",73,22
"717","UTST","M",70,2
"718","UTST","M",37,1
"719","UTST","M",35,1
"720","UTST","F",40,1
"721","UTST","F",45,2
"722","UTST","F",40,2
"723","UTST","M",48,5
"724","UTST","M",50,4
"725","UTST","F",43,4
"726","UTST","F",36,1
"727","UTST","M",43,4
"728","UTST","F",33,2
"729","UTST","F",28,1
"730","UTST","M",48,3
"731","UTST","F",36,2
"732","UTST","F",40,2
"733","UTST","F",30,1
"734","UTST","M",53,4
"735","UTST","F",47,2
"736","UTST","F",48,4
"737","UTST","F",41,3
"738","UTST","M",48,4
"739","UTST","F",45,4
"740","UTST","M",41,4
"741","SCUN","M",58,7
"742","CNIN","M",45,2
"743","UTST","M",48,5
"744","UTST","F",45,3
"745","UTST","M",46,5
"746","UTST","F",38,2
"747","UTST","F",47,4
"748","UTST","M",35,3
"749","UTST","M",53,6
"750","HOMA","F",40,2
"751","CNIN","M",42,2
"752","CNIN","M",45,3
"753","SCUN","M",35,2
"754","UTST","F",43,3
"755","UTST","F",32,1
"756","UTST","M",52,5
"757","UTST","F",47,3
"758","HOMA","F",60,7
"759","CNIN","F",42,3
"760","PHCO","F",97,61
"761","CNIN","M",45,5
"762","HOMA","M",50,5
"763","CNIN","M",43,3
"764","CNNE","F",72,8
"765","UTST","F",50,4
"766","CNTI","M",58,5
"767","HOMA","F",54,4
"768","CNTI","M",80,14
"769","HOMA","M",56,6
"770","CNTE","F",72,14
"771","CNUN","F",62,6
"772","UTST","M",35,1
"773","SCUN","M",35,2
"774","UTST","M",37,2
"775","UTST","M",39,2
"776","UTST","F",40,2
"777","UTST","F",32,1
"778","UTST","F",45,1
"779","UTST","M",36,1
"780","UTST","M",22,1
"781","CNNE","F",37,1
"782","UTST","F",33,1
"783","UTST","M",21,1
"784","UTST","F",25,1
"785","UTST","M",35,1
"786","UTST","M",34,1
"787","EUOB","F",102,20
"788","UTST","F",40,1
"789","UTST","M",35,1
"790","UTST","M",37,1
"791","CNTE","F",85,18
"792","UTST","M",35,1
"793","UTST","M",33,1
"794","CNIN","M",32,1
"795","UTST","F",34,1
"796","UTST","F",45,3
"797","UTST","F",30,1
"798","UTST","F",40,2
"799","UTST","F",43,2
"800","UTST","M",45,3
"801","UTST","M",50,4
"802","UTST","M",52,4
"803","UTST","F",40,3
"804","UTST","M",38,2
"805","UTST","F",43,2
"806","UTST","F",44,3
"807","UTST","M",45,4
"808","UTST","F",48,4
"809","UTST","F",42,2
"810","SCUN","M",34,2
"811","UTST","M",36,2
"812","UTST","F",41,3
"813","UTST","F",35,2
"814","UTST","M",39,2
"815","UTST","M",50,5
"816","UTST","M",46,5
"817","UTST","F",45,3
"818","UTST","M",45,3
"819","UTST","M",57,5
"820","UTST","M",42,2
"821","UTST","M",37,2
"822","UTST","F",42,2
"823","UTST","F",42,3
"824","UTST","M",48,2
"825","UTST","M",32,2
"826","UTST","F",40,3
"827","UTST","F",27,1
"828","UTST","M",44,2
"829","UTST","M",32,1
"830","UTST","F",46,3
"831","UTST","F",46,4
"832","UTST","M",47,4
"833","UTST","F",35,2
"834","UTST","M",49,4
"835","UTST","M",45,4
"836","UTST","M",49,5
"837","HOMA","M",31,1
"838","UTST","F",35,2
"839","UTST","M",44,4
"840","UTST","F",45,2
"841","UTST","M",52,5
"842","UTST","F",44,3
"843","UTST","F",50,2
"844","UTST","F",33,1
"845","UTST","M",40,3
"846","CNIN","M",50,3
"847","CNTE","F",92,28
"848","CNIN","M",54,3
"849","CNIN","M",53,4
"850","HOMA","M",50,3
"851","CNIN","M",40,4
"852","CNIN","M",42,4
"853","PHCO","F",81,30
"854","UTST","F",47,5
"855","PHMO","M",48,8
"856","UTST","F",46,5
"857","PHMO","M",52,10
"858","PHMO","F",45,5
"859","PHMO","F",40,4
"860","PHMO","F",46,5
"861","CNIN","F",56,6
"862","CNIN","F",54,4
"863","HOMA","F",59,8
"864","CNTE","F",65,8
"865","CNIN","F",50,3
"866","UTST","F",45,3
"867","CNIN","F",45,2
"868","CNIN","F",43,2
"869","UTST","F",45,2
"870","PHMO","F",55,9
"871","CNIN","F",49,2
"872","CNNE","F",38,1
"873","CNIN","F",51,2
"874","CNIN","F",57,4
"875","HOMA","F",53,3
"876","CNIN","F",55,4
"877","UTST","M",50,3
"878","CNIN","F",60,4
"879","CNNE","F",36,1
"880","CNNE","F",37,1
"881","UTST","F",42,2
"882","UTST","M",48,3
"883","UTST","F",43,3
"884","UTST","M",51,5
"885","UTST","M",42,3
"886","UTST","M",38,2
"887","UTST","F",40,3
"888","UTST","F",38,2
"889","UTST","M",42,3
"890","UTST","M",45,3
"891","UTST","M",38,2
"892","UTST","F",40,3
"893","UTST","F",36,3
"894","UTST","M",33,3
"895","UTST","M",36,2
"896","UTST","M",40,2
"897","UTST","M",39,4
"898","UTST","F",45,3
"899","UTST","M",43,4
"900","UTST","F",39,2
"901","UTST","F",37,2
"902","UTST","F",38,2
"903","UTST","F",37,4
"904","UTST","F",39,4
"905","UTST","M",46,6
"906","UTST","F",45,5
"907","UTST","F",36,2
"908","SCUN","F",38,3
"909","UTST","F",34,2
"910","UTST","F",37,3
"911","UTST","F",50,6
"912","UTST","F",43,4
"913","UTST","F",43,3
"914","UTST","F",42,3
"915","UTST","M",44,4
"916","UTST","F",40,3
"917","CNIN","F",38,2
"918","UTST","M",44,4
"919","UTST","M",46,4
"920","UTST","F",38,3
"921","UTST","M",46,5
"922","UTST","M",50,4
"923","COTE","M",36,2
"924","UTST","F",47,4
"925","CNUN","F",39,2
"926","CNIN","F",49,2
"927","HOMA","M",37,2
"928","CNIN","F",37,2
"929","CNIN","M",57,5
"930","UTST","F",43,3
"931","UTST","M",45,4
"932","UTST","M",46,3
"933","UTST","M",51,4
"934","CNIN","F",57,5
"935","UTST","F",46,3
"936","SCUN","F",53,5
"937","CNIN","F",49,4
"938","UTST","F",51,4
"939","UTST","F",52,4
"940","CNTI","M",65,9
"941","CNIN","F",52,4
"942","CNIN","F",57,4
"943","CNIN","M",56,4
"944","CNIN","F",61,3
"945","CNTI","M",69,10
"946","CNIN","M",51,4
"947","CNIN","M",57,4
"948","UTST","F",47,3
"949","UTST","F",42,2
"950","UTST","F",47,4
"951","PHCO","F",75,25
"952","CNTI","M",76,14
"953","CNIN","F",52,3
"954","PHMO","M",51,9
"955","PHMO","F",57,8
"956","SCUN","M",60,8
"957","SCUN","M",63,9
"958","SCUN","F",65,10
"959","UTST","F",49,4
"960","SCUN","F",61,9
"961","UTST","M",37,1
"962","UTST","F",34,1
"963","UTST","M",30,1
"964","UTST","F",28,1
"965","UTST","F",27,1
"966","UTST","M",26,1
"967","UTST","M",32,1
"968","UTST","M",25,1
"969","UTST","M",33,1
"970","UTST","M",31,1
"971","UTST","F",28,1
"972","UTST","F",48,4
"973","UTST","M",30,1
"974","UTST","M",35,1
"975","UTST","M",36,1
"976","UTST","F",32,1
"977","UTST","M",31,1
"978","UTST","M",27,1
"979","UTST","F",29,1
"980","UTST","M",22,1
"981","UTST","F",27,1
"982","UTST","M",29,1
"983","UTST","M",38,2
"984","UTST","M",38,1
"985","UTST","F",29,1
"986","UTST","M",30,1
"987","CNIN","F",56,5
"988","UTST","M",29,1
"989","UTST","F",27,1
"990","COTE","M",31,1
"991","UTST","M",24,1
"992","UTST","M",32,1
"993","UTST","F",22,1
"994","UTST","M",25,1
"995","CNNE","F",37,1
"996","UTST","M",35,1
"997","UTST","M",48,2
"998","UTST","M",33,1
"999","SCUN","F",24,1
"1000","UTST","F",29,1
"1001","UTST","F",34,1
"1002","UTST","M",35,1
"1003","UTST","F",28,1
"1004","UTST","M",51,5
"1005","UTST","M",38,2
"1006","UTST","F",44,3
"1007","UTST","F",42,3
"1008","UTST","M",34,1
"1009","UTST","M",49,4
"1010","UTST","M",46,4
"1011","UTST","M",43,3
"1012","UTST","M",48,4
"1013","UTST","F",41,2
"1014","UTST","M",37,2
"1015","UTST","M",44,3
"1016","UTST","M",34,2
"1017","UTST","M",49,4
"1018","UTST","M",41,3
"1019","UTST","M",47,4
"1020","UTST","M",48,4
"1021","UTST","M",36,2
"1022","UTST","F",37,2
"1023","UTST","M",44,3
"1024","UTST","F",44,3
"1025","UTST","M",49,5
"1026","UTST","M",49,3
"1027","UTST","F",46,4
"1028","UTST","F",43,3
"1029","UTST","F",38,2
"1030","UTST","M",41,3
"1031","COTE","M",33,1
"1032","UTST","M",48,4
"1033","UTST","M",46,4
"1034","UTST","F",34,2
"1035","UTST","M",37,2
"1036","UTST","F",40,3
"1037","UTST","M",28,2
"1038","UTST","F",43,4
"1039","UTST","M",49,5
"1040","UTST","F",43,3
"1041","UTST","F",37,2
"1042","UTST","F",29,1
"1043","UTST","M",25,1
"1044","UTST","M",34,1
"1045","UTST","F",46,4
"1046","UTST","F",32,1
"1047","CNUN","F",37,1
"1048","UTST","F",53,4
"1049","UTST","M",53,6
"1050","UTST","F",38,2
"1051","UTST","M",48,3
"1052","UTST","M",48,4
"1053","UTST","F",42,2
"1054","UTST","M",44,3
"1055","COTE","F",37,1
"1056","UTST","M",48,5
"1057","UTST","F",42,3
"1058","UTST","F",46,3
"1059","UTST","M",53,4
"1060","UTST","M",52,6
"1061","UTST","F",47,4
"1062","UTST","F",47,4
"1063","UTST","F",44,3
"1064","UTST","F",43,3
"1065","UTST","F",44,3
"1066","UTST","F",43,3
"1067","CNIN","F",33,1
"1068","UTST","M",48,4
"1069","UTST","F",42,2
"1070","UTST","M",44,3
"1071","UTST","F",38,2
"1072","UTST","M",52,5
"1073","CNIN","F",50,4
"1074","CNIN","F",50,3
"1075","CNIN","F",53,4
"1076","CNIN","M",52,3
"1077","CNIN","F",52,4
"1078","CNNE","F",60,6
"1079","CNUN","F",55,4
"1080","UTST","F",43,2
"1081","SCUN","M",46,3
"1082","UTST","F",41,2
"1083","CNIN","M",51,3
"1084","CNIN","M",56,4
"1085","UTST","F",44,3
"1086","CNIN","M",55,4
"1087","CNIN","F",49,2
"1088","UTST","F",44,3
"1089","UTST","F",43,2
"1090","UTST","M",27,1
"1091","CNIN","F",58,4
"1092","CNIN","F",57,4
"1093","UTST","F",44,1
"1094","UTST","M",29,1
"1095","UTST","F",30,1
"1096","SCUN","M",23,1
"1097","SCUN","M",26,1
"1098","SCUN","F",57,7
"1099","UTST","M",35,2
"1100","UTST","M",22,1
"1101","UTST","F",23,1
"1102","UTST","M",36,1
"1103","UTST","M",34,1
"1104","UTST","M",21,1
"1105","CNIN","F",53,6
"1106","UTST","M",35,1
"1107","CNUN","F",33,1
"1108","UTST","M",22,1
"1109","UTST","M",51,5
"1110","UTST","F",42,3
"1111","UTST","M",54,6
"1112","UTST","F",32,1
"1113","UTST","M",40,2
"1114","UTST","M",42,3
"1115","UTST","F",39,2
"1116","UTST","M",45,4
"1117","UTST","M",46,4
"1118","UTST","F",36,1
"1119","UTST","M",51,1
"1120","UTST","M",49,5
"1121","UTST","M",44,3
"1122","UTST","M",46,4
"1123","UTST","F",38,1
"1124","SCUN","F",33,1
"1125","UTST","F",40,1
"1126","UTST","M",41,2
"1127","UTST","F",36,1
"1128","UTST","M",51,4
"1129","UTST","F",41,2
"1130","UTST","F",43,2
"1131","UTST","M",46,3
"1132","UTST","F",39,1
"1133","UTST","F",49,4
"1134","UTST","M",38,2
"1135","UTST","F",35,1
"1136","UTST","F",46,4
"1137","UTST","M",47,4
"1138","UTST","M",45,3
"1139","UTST","F",47,4
"1140","UTST","F",38,1
"1141","UTST","M",53,6
"1142","UTST","M",43,3
"1143","UTST","M",42,3
"1144","UTST","F",37,2
"1145","UTST","M",37,2
"1146","UTST","F",40,3
"1147","UTST","F",47,4
"1148","UTST","M",40,2
"1149","UTST","M",49,4
"1150","UTST","M",34,1
"1151","UTST","F",31,1
"1152","UTST","M",30,1
"1153","UTST","F",38,2
"1154","UTST","M",49,4
"1155","UTST","M",47,3
"1156","UTST","M",53,5
"1157","COTE","M",33,1
"1158","UTST","M",49,4
"1159","UTST","M",48,4
"1160","UTST","M",49,4
"1161","UTST","M",50,5
"1162","UTST","M",40,3
"1163","UTST","F",38,2
"1164","UTST","M",51,5
"1165","UTST","M",46,3
"1166","UTST","F",50,5
"1167","COTE","M",41,3
"1168","UTST","F",45,4
"1169","UTST","F",48,4
"1170","COTE","M",36,2
"1171","UTST","M",51,4
"1172","UTST","M",50,5
"1173","UTST","M",49,4
"1174","CNTE","F",145,2
"1175","UTST","F",47,4
"1176","CNIN","M",45,2
"1177","CNIN","M",53,4
"1178","UTST","F",45,4
"1179","UTST","M",48,4
"1180","COTE","M",64,7
"1181","CNTI","F",98,28
"1182","CNIN","M",52,3
"1183","CNIN","M",60,5
"1184","CNIN","M",50,4
"1185","CNIN","F",52,4
"1186","CNIN","F",53,4
"1187","CNIN","M",52,3
"1188","CNIN","F",52,4
"1189","CNIN","F",53,5
"1190","UTST","F",46,5
"1191","UTST","F",43,3
"1192","CNIN","M",52,5
"1193","UTST","M",48,6
"1194","CNIN","M",56,6
"1195","CNIN","M",55,5
"1196","CNIN","F",49,3
"1197","CNIN","M",53,4
"1198","UTST","F",46,4
"1199","UTST","M",49,4
"1200","UTST","M",50,4
"1201","CNUN","F",56,4
"1202","UTST","F",46,4
"1203","CNIN","M",51,3
"1204","CNUN","F",53,4
"1205","CNIN","M",54,4
"1206","UTST","M",49,4
"1207","CNIN","F",64,5
"1208","CNIN","M",51,4
"1209","CNIN","M",56,5
"1210","CNTI","F",68,9
"1211","HOMA","M",53,4
"1212","UTST","F",48,4
"1213","UTST","F",45,3
"1214","COTE","F",38,2
"1215","UTST","M",31,1
"1216","UTST","F",32,1
"1217","UTST","F",28,1
"1218","UTST","M",35,2
"1219","UTST","M",31,1
"1220","UTST","M",36,1
"1221","UTST","F",33,1
"1222","UTST","M",37,2
"1223","UTST","F",32,1
"1224","UTST","F",31,1
"1225","UTST","M",36,2
"1226","UTST","M",36,1
"1227","UTST","M",37,2
"1228","COTE","F",32,1
"1229","UTST","F",36,1
"1230","SCUN","M",27,1
"1231","CNNE","F",35,1
"1232","UTST","M",31,1
"1233","UTST","F",25,1
"1234","UTST","M",37,1
"1235","UTST","M",27,1
"1236","UTST","M",32,1
"1237","CNIN","F",53,4
"1238","UTST","M",35,1
"1239","COTE","F",29,1
"1240","COTE","F",37,2
"1241","UTST","F",35,1
"1242","UTST","M",22,1
"1243","UTST","M",39,2
"1244","UTST","F",34,1
"1245","UTST","F",47,3
"1246","COTE","M",38,2
"1247","UTST","F",27,1
"1248","UTST","F",23,1
"1249","UTST","M",35,2
"1250","UTST","F",36,1
"1251","UTST","M",47,4
"1252","UTST","F",46,4
"1253","UTST","M",51,4
"1254","UTST","F",43,2
"1255","UTST","F",44,3
"1256","UTST","F",42,2
"1257","UTST","F",41,3
"1258","UTST","F",46,4
"1259","UTST","F",37,2
"1260","UTST","F",37,2
"1261","UTST","M",35,2
"1262","UTST","M",46,4
"1263","UTST","M",47,4
"1264","UTST","M",53,6
"1265","UTST","F",48,4
"1266","UTST","M",39,3
"1267","UTST","M",46,5
"1268","UTST","F",30,1
"1269","UTST","F",43,3
"1270","SCUN","M",34,1
"1271","UTST","M",49,4
"1272","UTST","F",42,2
"1273","UTST","F",37,2
"1274","UTST","F",37,2
"1275","UTST","M",50,5
"1276","UTST","F",37,1
"1277","UTST","F",43,3
"1278","UTST","M",52,4
"1279","UTST","M",39,2
"1280","UTST","F",48,4
"1281","UTST","M",50,5
"1282","UTST","M",53,4
"1283","UTST","F",39,2
"1284","UTST","F",43,2
"1285","UTST","M",48,4
"1286","UTST","M",51,5
"1287","UTST","M",49,4
"1288","UTST","M",36,1
"1289","UTST","F",41,2
"1290","UTST","F",43,3
"1291","UTST","F",43,3
"1292","UTST","M",47,4
"1293","UTST","F",48,4
"1294","UTST","M",51,5
"1295","UTST","F",47,4
"1296","UTST","M",50,5
"1297","CNIN","F",43,2
"1298","UTST","F",44,3
"1299","UTST","F",41,2
"1300","UTST","M",49,4
"1301","UTST","M",51,5
"1302","CNIN","F",47,3
"1303","CNIN","F",53,3
"1304","HOMA","M",55,5
"1305","UTST","F",50,5
"1306","HOMA","F",51,3
"1307","CNUN","F",47,3
"1308","CNIN","F",51,3
"1309","CNUN","F",50,2
"1310","CNUN","F",53,3
"1311","UTST","F",44,2
"1312","UTST","M",43,3
"1313","CNTI","F",89,20
"1314","CNUN","F",51,3
"1315","CNIN","F",45,2
"1316","UTST","M",30,1
"1317","UTST","F",29,1
"1318","UTST","F",27,1
"1319","UTST","M",24,1
"1320","HOMA","F",54,5
"1321","CNIN","F",59,5
"1322","CNIN","F",57,3
"1323","UTST","M",30,1
"1324","UTST","M",29,1
"1325","UTST","M",25,1
"1326","UTST","F",36,1
"1327","UTST","M",27,1
"1328","UTST","M",26,1
"1329","UTST","M",35,1
"1330","UTST","F",25,1
"1331","UTST","M",28,1
"1332","UTST","F",26,1
"1333","CNTI","F",62,7
"1334","UTST","F",27,1
"1335","UTST","F",55,6
"1336","UTST","F",47,3
"1337","CNIN","F",51,4
"1338","UTST","F",36,1
"1339","UTST","F",27,1
"1340","UTST","F",21,1
"1341","CNIN","F",55,3
"1342","CNIN","F",53,3
"1343","UTST","M",27,1
"1344","UTST","F",31,1
"1345","UTST","F",31,1
"1346","UTST","F",44,2
"1347","UTST","M",27,1
"1348","UTST","F",27,1
"1349","UTST","M",29,1
"1350","UTST","F",39,2
"1351","UTST","M",37,2
"1352","UTST","F",46,4
"1353","UTST","F",33,2
"1354","UTST","F",39,1
"1355","UTST","M",47,4
"1356","UTST","F",34,1
"1357","UTST","F",38,2
"1358","UTST","M",29,1
"1359","UTST","F",39,2
"1360","UTST","M",41,3
"1361","UTST","F",33,1
"1362","UTST","F",46,3
"1363","UTST","M",36,1
"1364","UTST","M",51,5
"1365","UTST","F",39,2
"1366","UTST","F",33,1
"1367","UTST","M",51,5
"1368","UTST","M",43,3
"1369","UTST","M",50,4
"1370","UTST","F",35,1
"1371","UTST","M",52,5
"1372","UTST","F",43,1
"1373","UTST","F",41,2
"1374","UTST","F",46,1
"1375","UTST","F",49,4
"1376","UTST","F",44,3
"1377","UTST","F",37,2
"1378","UTST","M",48,5
"1379","UTST","F",32,1
"1380","UTST","F",36,1
"1381","UTST","F",48,4
"1382","UTST","M",50,5
"1383","UTST","M",53,6
"1384","UTST","F",41,4
"1385","UTST","M",49,4
"1386","COTE","M",43,1
"1387","COTE","M",38,1
"1388","CNUN","F",39,1
"1389","CNUN","F",45,2
"1390","CNUN","F",49,3
"1391","UTST","M",48,4
"1392","UTST","M",46,3
"1393","UTST","F",48,5
"1394","CNUN","F",31,4
"1395","CNUN","F",34,2
"1396","CNTI","F",86,18
"1397","UTST","F",47,3
"1398","UTST","F",45,3
"1399","PHMO","F",46,5
"1400","UTST","M",48,3
"1401","UTST","F",47,3
"1402","CNUN","F",55,3
"1403","CNTE","F",86,17
"1404","SCUN","F",69,14
"1405","CNIN","F",56,4
"1406","CNUN","F",65,6
"1407","HOMA","M",55,3
"1408","CNTI","F",84,20
"1409","CNUN","F",55,3
"1410","COTE","M",33,1
"1411","UTST","M",34,1
"1412","UTST","F",33,2
"1413","UTST","F",31,1
"1414","UTST","M",36,1
"1415","CNUN","F",56,3
"1416","CNIN","F",27,1
"1417","UTST","M",38,2
"1418","UTST","M",52,4
"1419","UTST","F",34,1
"1420","UTST","M",28,1
"1421","UTST","F",34,1
"1422","UTST","F",29,1
"1423","UTST","F",36,2
"1424","UTST","M",35,1
"1425","UTST","M",36,2
"1426","UTST","M",37,2
"1427","UTST","F",35,2
"1428","CNIN","F",60,4
"1429","UTST","M",42,3
"1430","UTST","M",29,1
"1431","UTST","F",50,1
"1432","UTST","F",44,3
"1433","UTST","F",46,4
"1434","UTST","M",51,5
"1435","UTST","M",42,2
"1436","UTST","M",52,5
"1437","UTST","F",42,2
"1438","UTST","M",48,4
"1439","UTST","F",38,2
"1440","UTST","F",38,2
"1441","UTST","M",52,6
"1442","UTST","M",51,5
"1443","UTST","F",33,1
"1444","UTST","F",37,2
"1445","UTST","F",37,2
"1446","UTST","F",44,2
"1447","UTST","M",32,1
"1448","UTST","M",52,5
"1449","UTST","M",50,5
"1450","UTST","F",48,4
"1451","UTST","F",43,4
"1452","UTST","F",45,3
"1453","UTST","F",33,1
"1454","UTST","F",45,3
"1455","UTST","F",42,4
"1456","UTST","F",45,4
"1457","UTST","F",46,4
"1458","UTST","M",52,6
"1459","UTST","M",50,5
"1460","UTST","M",42,3
"1461","UTST","F",40,2
"1462","UTST","F",43,3
"1463","UTST","F",30,1
"1464","UTST","F",46,4
"1465","UTST","M",51,5
"1466","UTST","F",41,2
"1467","CNIN","F",42,1
"1468","CNUN","F",46,2
"1469","CNIN","F",42,1
"1470","CNIN","F",47,1
"1471","UTST","M",52,4
"1472","CNUN","F",42,1
"1473","UTST","M",50,4
"1474","UTST","M",50,4
"1475","UTST","F",45,3
"1476","UTST","F",49,4
"1477","UTST","M",48,4
"1478","CNIN","F",39,1
"1479","UTST","M",53,4
"1480","CNIN","F",40,1
"1481","UTST","M",47,3
"1482","CNIN","F",46,2
"1483","CNIN","F",45,2
"1484","CNIN","F",43,2
"1485","UTST","F",44,3
"1486","UTST","F",40,2
"1487","UTST","F",46,3
"1488","CNUN","F",42,1
"1489","CNUN","F",36,1
"1490","UTST","F",43,2
"1491","PHMO","F",48,5
"1492","CNIN","F",57,3
"1493","UTST","F",49,2
"1494","CNTI","F",83,22
"1495","UTST","F",44,1
"1496","CNIN","F",47,1
"1497","CRCO","F",67,18
"1498","UTST","F",59,7
"1499","CNIN","F",59,2
"1500","CNUN","F",57,4
"1501","CNTI","F",87,20
"1502","CNTE","F",55,5
"1503","CNTI","M",85,19
"1504","UTST","F",43,4
"1505","CNIN","F",51,4
"1506","CNTE","F",77,20
"1507","CNUN","F",62,5
"1508","CNTE","F",86,25
"1509","UTST","M",53,3
"1510","CNUN","F",63,6
"1511","CNTI","F",40,2
"1512","CRCO","F",89,33
"1513","UTST","M",46,3
"1514","UTST","M",44,2
"1515","UTST","F",41,2
"1516","UTST","F",37,1
"1517","UTST","F",38,1
"1518","UTST","F",41,2
"1519","UTST","F",36,1
"1520","UTST","F",40,1
"1521","UTST","M",49,4
"1522","UTST","M",46,3
"1523","UTST","M",45,3
"1524","UTST","M",50,4
"1525","UTST","M",41,3
"1526","UTST","M",48,5
"1527","UTST","F",42,2
"1528","UTST","M",51,5
"1529","UTST","M",47,4
"1530","UTST","M",43,3
"1531","UTST","M",46,3
"1532","UTST","F",49,4
"1533","UTST","M",45,4
"1534","UTST","F",42,3
"1535","UTST","M",45,4
"1536","CNIN","F",38,2
"1537","CNUN","F",39,2
"1538","UTST","M",50,4
"1539","UTST","F",49,3
"1540","UTST","M",46,3
"1541","UTST","M",38,3
"1542","UTST","F",44,3
"1543","UTST","M",51,5
"1544","CNIN","F",53,4
"1545","PHCO","F",49,5
"1546","CNUN","F",58,4
"1547","CNIN","F",51,3
"1548","UTST","M",50,4
"1549","PHMO","F",56,10
"1550","SCUN","M",62,6
"1551","CRCO","F",81,27
"1552","CRCO","F",79,21
"1553","CRCO","F",83,22
"1554","PHMO","F",99,6
"1555","PHCO","F",49,6
"1556","CNIN","F",54,3
"1557","CNIN","M",56,3
"1558","CRCO","F",84,26
"1559","UTST","M",34,1
"1560","CNUN","F",64,7
"1561","UTST","F",49,3
"1562","CNTI","F",87,20
"1563","UTST","F",46,3
"1564","UTST","M",35,1
"1565","UTST","M",48,3
"1566","UTST","M",36,1
"1567","UTST","F",42,3
"1568","UTST","F",48,3
"1569","UTST","M",49,5
"1570","UTST","M",53,5
"1571","UTST","M",51,5
"1572","UTST","F",45,3
"1573","UTST","M",50,3
"1574","UTST","F",45,3
"1575","UTST","F",45,4
"1576","UTST","F",39,2
"1577","UTST","F",42,2
"1578","UTST","M",47,3
"1579","UTST","M",51,5
"1580","UTST","F",37,2
"1581","UTST","F",43,2
"1582","UTST","M",48,5
"1583","UTST","M",49,5
"1584","UTST","M",52,5
"1585","UTST","M",52,5
"1586","UTST","M",55,6
"1587","UTST","F",46,4
"1588","UTST","M",53,6
"1589","UTST","F",46,4
"1590","UTST","F",45,3
"1591","UTST","M",40,2
"1592","UTST","M",48,4
"1593","UTST","F",38,2
"1594","UTST","M",53,4
"1595","UTST","M",55,6
"1596","UTST","F",44,4
"1597","UTST","F",45,4
"1598","UTST","F",47,3
"1599","CNIN","F",42,2
"1600","UTST","F",45,4
"1601","UTST","F",42,3
"1602","UTST","F",46,4
"1603","CNIN","F",48,3
"1604","UTST","F",45,3
"1605","UTST","F",40,3
"1606","UTST","F",43,2
"1607","UTST","M",50,4
"1608","UTST","F",49,3
"1609","HOMA","F",57,6
"1610","CNIN","F",58,4
"1611","PHCO","F",40,3
"1612","CNTI","M",86,21
"1613","CNIN","M",55,5
"1614","CNTI","M",88,23
"1615","CNTI","M",84,23
"1616","PHMO","M",40,3
"1617","CNTI","M",84,23
"1618","CRCO","F",100,38
"1619","CNIN","M",55,3
"1620","UTST","F",40,2
"1621","UTST","M",35,1
"1622","UTST","M",31,1
"1623","UTST","M",40,1
"1624","UTST","M",42,2
"1625","UTST","F",44,1
"1626","CRCO","F",80,27
"1627","CRCO","F",87,35
"1628","UTST","M",47,4
"1629","UTST","F",44,3
"1630","UTST","F",45,3
"1631","UTST","M",38,2
"1632","UTST","F",40,4
"1633","UTST","M",43,5
"1634","UTST","M",40,4
"1635","UTST","M",50,4
"1636","UTST","M",50,6
"1637","UTST","F",37,2
"1638","UTST","F",44,3
"1639","UTST","F",35,3
"1640","CNTI","F",53,5
"1641","UTST","M",37,2
"1642","UTST","F",38,3
"1643","UTST","F",41,3
"1644","UTST","F",38,3
"1645","UTST","M",30,2
"1646","UTST","F",48,3
"1647","UTST","F",42,3
"1648","UTST","M",50,5
"1649","UTST","F",39,3
"1650","UTST","M",28,2
"1651","UTST","M",52,6
"1652","UTST","F",40,3
"1653","UTST","M",45,5
"1654","UTST","M",38,2
"1655","UTST","F",49,5
"1656","UTST","F",42,3
"1657","UTST","F",42,3
"1658","UTST","F",44,3
"1659","UTST","M",43,4
"1660","UTST","F",39,2
"1661","UTST","M",46,4
"1662","UTST","F",39,2
"1663","UTST","F",39,2
"1664","SCUN","F",41,2
"1665","UTST","M",53,5
"1666","UTST","M",50,5
"1667","UTST","F",47,4
"1668","UTST","F",42,2
"1669","UTST","M",36,2
"1670","UTST","M",48,4
"1671","CNIN","F",40,2
"1672","CNIN","F",45,2
"1673","CNIN","M",52,5
"1674","UTST","F",42,4
"1675","UTST","F",43,4
"1676","CNIN","F",34,1
"1677","CNIN","F",41,2
"1678","UTST","F",40,2
"1679","UTST","F",49,3
"1680","CRCO","F",86,30
"1681","UTST","M",50,4
"1682","CNUN","F",50,3
"1683","CNUN","F",51,3
"1684","CRCO","F",91,34
"1685","CNTI","M",78,13
"1686","CRCO","F",93,38
"1687","UTST","F",48,4
"1688","CNIN","F",49,3
"1689","UTST","F",44,3
"1690","UTST","F",50,4
"1691","UTST","F",45,4
"1692","PHCO","F",58,9
"1693","CNUN","F",52,3
"1694","PHCO","F",43,5
"1695","CNUN","F",60,5
"1696","UTST","F",50,3
"1697","UTST","M",32,1
"1698","UTST","M",30,1
"1699","UTST","M",39,2
"1700","UTST","M",36,1
"1701","UTST","F",45,3
"1702","UTST","F",45,3
"1703","CNTI","M",75,11
"1704","CNIN","M",42,2
"1705","UTST","F",34,2
"1706","UTST","F",37,1
"1707","UTST","F",49,5
"1708","UTST","F",44,3
"1709","UTST","F",35,2
"1710","UTST","F",37,1
"1711","UTST","M",43,3
"1712","UTST","M",44,3
"1713","UTST","F",34,1
"1714","UTST","F",45,3
"1715","UTST","M",40,3
"1716","UTST","M",44,4
"1717","UTST","M",50,5
"1718","UTST","F",40,3
"1719","UTST","F",45,3
"1720","UTST","M",51,4
"1721","UTST","F",43,3
"1722","UTST","F",45,3
"1723","UTST","M",45,4
"1724","UTST","M",42,3
"1725","UTST","M",48,5
"1726","UTST","F",49,5
"1727","UTST","M",46,5
"1728","UTST","F",43,2
"1729","UTST","F",39,3
"1730","UTST","F",43,3
"1731","UTST","M",48,5
"1732","UTST","M",55,3
"1733","UTST","M",41,2
"1734","UTST","F",46,2
"1735","UTST","M",42,3
"1736","UTST","M",47,3
"1737","UTST","F",42,3
"1738","UTST","M",41,2
"1739","UTST","M",50,4
"1740","UTST","M",53,5
"1741","UTST","M",49,5
"1742","UTST","F",45,4
"1743","UTST","F",43,3
"1744","UTST","F",40,2
"1745","UTST","F",44,3
"1746","UTST","F",43,3
"1747","UTST","F",39,2
"1748","UTST","F",41,3
"1749","UTST","M",46,4
"1750","UTST","M",46,4
"1751","UTST","F",41,3
"1752","UTST","M",50,5
"1753","CNIN","F",50,4
"1754","UTST","F",48,5
"1755","UTST","F",50,6
"1756","UTST","F",45,4
"1757","UTST","F",43,4
"1758","UTST","F",44,3
"1759","UTST","F",48,5
"1760","CNTI","F",81,19
"1761","CRCO","F",101,42
"1762","UTST","F",44,3
"1763","UTST","F",46,4
"1764","CNIN","M",50,3
"1765","CNIN","F",53,4
"1766","CNIN","M",53,4
"1767","CNTI","F",78,17
"1768","UTST","F",46,4
"1769","CNIN","M",53,4
"1770","CNIN","F",51,3
"1771","PHMO","M",59,11
"1772","UTST","F",49,5
"1773","PHMO","F",61,12
"1774","UTST","M",37,2
"1775","UTST","M",37,2
"1776","UTST","F",35,3
"1777","UTST","M",41,3
"1778","UTST","M",36,2
"1779","UTST","M",40,3
"1780","UTST","F",35,2
"1781","UTST","F",31,2
"1782","CNIN","F",41,2
"1783","CNTI","F",42,3
"1784","UTST","M",40,3
"1785","CNTE","F",84,13
"1786","UTST","M",35,2
"1787","UTST","M",38,2
"1788","UTST","M",35,2
"1789","CNIN","F",39,2
"1790","UTST","F",42,4
"1791","UTST","F",42,4
"1792","UTST","M",42,4
"1793","UTST","M",46,4
"1794","UTST","F",44,2
"1795","UTST","M",51,5
"1796","UTST","M",46,5
"1797","UTST","F",41,3
"1798","UTST","M",50,6
"1799","UTST","F",44,4
"1800","UTST","F",43,3
"1801","UTST","M",46,4
"1802","UTST","M",47,4
"1803","UTST","F",40,2
"1804","UTST","M",41,3
"1805","UTST","M",42,4
"1806","UTST","M",46,5
"1807","UTST","M",52,6
"1808","UTST","M",48,4
"1809","UTST","M",52,3
"1810","UTST","M",50,4
"1811","UTST","F",42,3
"1812","UTST","M",51,4
"1813","UTST","M",49,3
"1814","UTST","M",53,4
"1815","UTST","F",44,2
"1816","UTST","M",48,3
"1817","UTST","M",53,4
"1818","UTST","F",40,3
"1819","UTST","F",45,3
"1820","UTST","F",45,3
"1821","UTST","M",48,4
"1822","UTST","F",47,3
"1823","UTST","F",43,3
"1824","UTST","M",49,5
"1825","UTST","M",49,5
"1826","UTST","F",47,3
"1827","UTST","F",43,2
"1828","UTST","M",50,5
"1829","CRCO","F",92,40
"1830","UTST","M",5,4
"1831","UTST","F",46,4
"1832","UTST","M",48,6
"1833","UTST","F",49,5
"1834","UTST","F",52,4
"1835","UTST","F",47,3
"1836","UTST","F",46,4
"1837","UTST","F",46,4
"1838","PHCO","F",53,11
"1839","PHCO","F",60,15
"1840","UTST","F",47,5
"1841","UTST","F",48,5
"1842","EUOB","F",61,6
"1843","PHCO","F",55,9
"1844","UTST","F",37,2
"1845","UTST","M",40,2
"1846","UTST","M",35,2
"1847","UTST","M",35,2
"1848","UTST","F",37,2
"1849","UTST","M",28,1
"1850","UTST","M",37,2
"1851","UTST","M",32,2
"1852","UTST","M",30,1
"1853","UTST","M",38,1
"1854","UTST","F",31,2
"1855","UTST","M",31,1
"1856","UTST","F",28,1
"1857","UTST","M",33,2
"1858","UTST","F",29,1
"1859","UTST","F",27,1
"1860","UTST","F",30,1
"1861","UTST","F",35,2
"1862","UTST","F",33,2
"1863","UTST","F",35,2
"1864","UTST","M",35,2
"1865","CNUN","F",55,4
"1866","UTST","M",40,3
"1867","PHCO","F",78,27
"1868","UTST","M",36,2
"1869","UTST","F",34,2
"1870","UTST","F",39,2
"1871","UTST","F",34,2
"1872","UTST","M",34,2
"1873","UTST","M",41,2
"1874","UTST","F",33,1
"1875","UTST","F",35,1
"1876","UTST","M",34,1
"1877","UTST","F",31,1
"1878","CNIN","F",55,6
"1879","UTST","F",30,1
"1880","CNUN","F",59,6
"1881","UTST","F",36,2
"1882","UTST","M",41,2
"1883","UTST","M",41,3
"1884","CNTI","F",39,3
"1885","UTST","M",34,2
"1886","UTST","M",42,2
"1887","UTST","M",38,2
"1888","UTST","M",41,2
"1889","SCUN","M",46,6
"1890","UTST","F",40,2
"1891","UTST","M",43,4
"1892","UTST","F",42,4
"1893","UTST","F",45,4
"1894","UTST","F",48,4
"1895","UTST","F",43,3
"1896","UTST","F",43,4
"1897","UTST","F",42,4
"1898","UTST","M",49,5
"1899","UTST","F",45,3
"1900","UTST","F",32,2
"1901","UTST","M",50,6
"1902","UTST","F",42,3
"1903","UTST","M",50,5
"1904","UTST","M",46,5
"1905","UTST","F",43,3
"1906","UTST","F",40,2
"1907","UTST","F",37,2
"1908","UTST","F",46,3
"1909","UTST","F",40,3
"1910","UTST","M",47,4
"1911","UTST","F",37,2
"1912","UTST","F",45,3
"1913","UTST","M",50,6
"1914","UTST","F",41,3
"1915","UTST","F",52,5
"1916","UTST","F",41,3
"1917","UTST","F",42,3
"1918","UTST","F",45,3
"1919","UTST","F",43,4
"1920","UTST","F",49,4
"1921","UTST","F",42,3
"1922","UTST","M",48,5
"1923","UTST","F",44,3
"1924","UTST","F",45,5
"1925","UTST","M",41,3
"1926","UTST","M",46,5
"1927","UTST","M",52,7
"1928","UTST","F",42,3
"1929","UTST","F",33,3
"1930","UTST","F",41,3
"1931","UTST","F",38,3
"1932","UTST","M",48,5
"1933","UTST","F",44,4
"1934","UTST","F",43,3
"1935","UTST","M",35,1
"1936","UTST","F",34,2
"1937","UTST","M",45,4
"1938","UTST","M",49,5
"1939","UTST","F",45,4
"1940","UTST","F",40,2
"1941","UTST","F",45,3
"1942","UTST","M",48,4
"1943","UTST","M",51,4
"1944","UTST","M",46,4
"1945","UTST","F",41,2
"1946","UTST","F",42,2
"1947","UTST","M",50,3
"1948","UTST","M",48,2
"1949","UTST","F",40,2
"1950","UTST","F",32,1
"1951","UTST","F",44,2
"1952","UTST","M",51,4
"1953","CNUN","F",36,1
"1954","UTST","F",47,3
"1955","UTST","F",45,2
"1956","UTST","F",38,2
"1957","UTST","F",47,2
"1958","UTST","M",55,3
"1959","CNIN","F",34,3
"1960","UTST","F",38,3
"1961","UTST","F",45,3
"1962","UTST","F",43,3
"1963","UTST","F",46,4
"1964","CNTE","F",88,21
"1965","CNTE","F",85,20
"1966","UTST","F",46,2
"1967","EUOB","F",61,6
"1968","UTST","F",45,3
"1969","UTST","F",47,3
"1970","UTST","M",53,5
"1971","PHCO","F",52,8
"1972","CNUN","F",56,3
"1973","CNUN","F",53,3
"1974","PHCO","F",68,15
"1975","CNIN","F",58,4
"1976","PHCO","F",56,8
"1977","CNUN","F",54,4
"1978","CNTI","F",81,17
"1979","CRCO","F",102,40
"1980","UTST","F",45,3
"1981","UTST","F",46,3
"1982","UTST","F",47,2
"1983","CNIN","F",55,3
"1984","CNTE","F",74,17
"1985","UTST","F",47,3
"1986","CNTI","M",67,9
